backend,format,req_w,req_h,req_fps,exposure,neg_w,neg_h,neg_fps,neg_fourcc,ok,open_s,warmup_s,frames,duration_s,fps_actual,interval_mean_ms,interval_std_ms,interval_p50_ms,interval_p95_ms,interval_p99_ms,interval_max_ms,cpu_percent,rss_mb,frame_shape,note
v4l2,YUYV,640,480,30,locked=156,640,480,30.0,YUYV,True,0.0149,0.2819,150,4.9599,30.04,33.288,2.061,32.055,36.098,36.612,37.913,87.56,126.6,480x640x3,
gst-sw,YUYV,640,480,30,locked=156,,,,,True,0.3984,0.0062,151,4.9857,30.09,33.238,2.231,32.041,36.025,36.084,36.108,25.35,134.0,480x640x3,
v4l2,YUYV,800,600,24,locked=156,800,600,24.0,YUYV,True,0.0139,0.3682,76,4.9897,15.03,66.53,2.139,67.913,68.103,68.418,68.933,42.16,135.6,600x800x3,
gst-sw,YUYV,800,600,24,locked=156,,,,,True,0.343,0.0099,76,4.9787,15.06,66.382,3.075,67.682,69.905,70.072,70.146,19.84,136.1,600x800x3,
v4l2,YUYV,1280,720,10,locked=156,1280,720,10.0,YUYV,True,0.0154,0.4586,51,4.9796,10.04,99.591,3.005,99.992,100.195,102.238,104.108,29.54,140.6,720x1280x3,
gst-sw,YUYV,1280,720,10,locked=156,,,,,True,0.4013,0.0053,51,4.9711,10.06,99.422,4.595,99.988,102.955,103.986,104.076,24.41,140.4,720x1280x3,
v4l2,YUYV,1920,1080,5,locked=156,1920,1080,5.0,YUYV,True,0.0233,0.6439,26,4.9854,5.01,199.414,2.986,200.039,200.308,200.362,200.376,15.45,156.6,1080x1920x3,
gst-sw,YUYV,1920,1080,5,locked=156,,,,,True,0.5341,0.0158,26,4.9677,5.03,198.708,5.998,199.923,200.267,201.83,202.32,26.79,158.4,1080x1920x3,
v4l2,MJPG,640,480,30,locked=156,640,480,30.0,MJPG,True,0.0161,0.3,151,4.9933,30.04,33.289,2.112,32.032,36.05,37.008,39.56,10.96,139.4,480x640x3,
gst-hw,MJPG,640,480,30,locked=156,,,,,False,0.472,,0,,,,,,,,,,,,pipeline GStreamer khong mo duoc (gst-hw)
gst-sw,MJPG,640,480,30,locked=156,,,,,True,0.2924,0.0039,151,5.0018,29.99,33.345,1.973,32.153,36.188,37.71,37.968,23.07,141.6,480x640x3,
v4l2,MJPG,1280,720,30,locked=156,1280,720,30.0,MJPG,True,0.0185,0.3222,151,4.9863,30.08,33.242,2.295,32.185,36.535,36.96,37.13,31.78,151.5,720x1280x3,
gst-hw,MJPG,1280,720,30,locked=156,,,,,False,0.9807,,0,,,,,,,,,,,,pipeline GStreamer khong mo duoc (gst-hw)
gst-sw,MJPG,1280,720,30,locked=156,,,,,True,0.3333,0.0008,152,5.0025,30.18,33.129,2.619,32.187,37.226,38.192,39.079,62.81,156.6,720x1280x3,
v4l2,MJPG,1280,720,60,locked=156,1280,720,60.0,MJPG,True,0.0191,0.2435,149,4.9794,29.72,33.645,2.172,32.202,37.025,37.399,38.057,30.94,156.6,720x1280x3,
gst-hw,MJPG,1280,720,60,locked=156,,,,,False,0.9185,,0,,,,,,,,,,,,pipeline GStreamer khong mo duoc (gst-hw)
gst-sw,MJPG,1280,720,60,locked=156,,,,,True,0.2698,0.0007,150,4.994,29.84,33.517,2.536,32.167,37.137,37.853,37.966,60.73,158.0,720x1280x3,
v4l2,MJPG,1920,1080,30,locked=156,1920,1080,30.0,MJPG,True,0.0234,0.3249,150,4.9746,29.95,33.387,2.656,32.294,36.921,37.526,52.876,67.62,173.8,1080x1920x3,
gst-hw,MJPG,1920,1080,30,locked=156,,,,,False,2.4823,,0,,,,,,,,,,,,pipeline GStreamer khong mo duoc (gst-hw)
gst-sw,MJPG,1920,1080,30,locked=156,,,,,True,0.3393,0.0168,113,4.9509,22.62,44.205,1.683,44.221,45.797,46.396,47.088,100.97,168.2,1080x1920x3,
